sid,name,browserName
44f64762-5fd4-4fcf-8262-58587e29b5f0,FB1Test,stealth_fox
8dd45b86-b2eb-45ae-8e6a-280d6dc02675,FB1Test2,stealth_fox
c65f75fa-2bc2-4f21-9b64-368be0fa52c6,FB1Test Copy,stealth_fox
357aef7e-3ce6-4076-947c-bda942c04a2a,FB1-MLA-103.207.29.179,stealth_fox
3aefc826-1411-4b1f-bb86-cb4e8a656491,FB6-MLA-125.63.50.85,stealth_fox
937d6592-3d76-430a-ba16-835f17efbbf7,FB7-MLA-125.63.50.86,stealth_fox
1a4aaf2e-2808-4d69-b913-2be096fe8f39,FB10-MLA-101.0.67.114,stealth_fox
0e01e437-c75f-4a3a-bdb3-85c30d82079d,FB12-MLA-113.212.97.141,stealth_fox
ad8dd0e5-d7c9-46ab-9a99-e0adb88686da,FB13-MLA-103.29.84.135,stealth_fox
b9897f4c-86b3-4122-942f-e410bb4cd173,FB30-MLA-103.1.204.195,stealth_fox
a42b69cc-bad3-44da-9340-0a14718e831b,FB32-MLA-103.29.84.77,stealth_fox
47449f71-b64e-482f-a086-fc4256779b82,FB47-MLA-103.29.84.161,stealth_fox
40e13580-efaa-41db-92ff-286d7edcca84,FB51-MLA-103.18.108.96,stealth_fox
11b671d7-0b78-4ed2-8fc0-8370ad4c26d0,FB52-MLA-125.63.50.83,stealth_fox
ec30b8ab-851a-4cba-8e9f-d9ddbce5efea,FB50-MLA-125.63.50.58,stealth_fox
2aa6b082-f8ac-41c6-8ba5-5f1385d0fed7,FB54-MLA-125.63.50.85,stealth_fox
7b0e3d89-0fb8-4df6-8dab-43c7b5633fad,FB59-MLA-103.29.84.77,stealth_fox
6a8d8f4f-8dbe-462a-bcd4-e7a42ac1ce37,FB67-MLA-103.207.29.179,stealth_fox
ec05c4d3-16a1-4140-9b59-9d1e7eaff856,FB68-MLA-111.67.19.177,stealth_fox
7dc23932-dee5-4c36-8300-992d11a7965c,FB8-MLA-111.67.19.177,stealth_fox
6c38d5c5-fbfb-420c-82eb-d583f61f547c,FB69-MLA-202.130.47.149,stealth_fox
fb0f51bf-88ba-43d0-987d-430921621ef8,FB70-MLA-101.0.67.114,stealth_fox
b312b6dd-c646-407b-8432-b70abffa5def,FB78-MLA-103.207.29.209,stealth_fox
4d292005-1b85-49d8-9e6e-9e2a53850ef9,FB80-MLA-111.67.18.164,stealth_fox
cea94187-3b78-418d-9f92-01d33e530b0b,FB4-MLA-125.63.50.83,stealth_fox
947f2c56-5969-4217-920d-61840118eb70,FB5-MLA-125.63.50.84,stealth_fox
601895ed-877e-4ed8-a105-fe5e523e7f1a,FB11-MLA-103.18.108.95,stealth_fox
33f5d064-594d-4ed1-81bf-d403a2a37b44,FB14-MLA-103.1.204.195,stealth_fox
23463983-d64b-4a1e-a539-716c8ac399a4,FB31-MLA-125.63.50.58,stealth_fox
070140d7-fccd-4130-8ac3-d518560fbec6,FB9-MLA-202.130.47.149,stealth_fox
66e57f39-b86c-42a4-ba08-fb74b45f857b,FB34-MLA-103.207.29.219,stealth_fox
bc718fd1-883f-4195-8b2c-e69e3469eb95,FB36-MLA-125.63.61.131,stealth_fox
149a1e95-e636-4f5a-93e2-c99c1d14ae1f,FB39-MLA-125.63.61.130,stealth_fox
126aee7b-c3d8-48ad-a4eb-af49921b1c7f,FB42-MLA-111.67.18.164,stealth_fox
fa81238a-8e0c-4cc4-84a3-d93d40388bd0,FB43-MLA-103.1.204.195,stealth_fox
06944890-3f72-415e-8416-0f6914d39bf2,FB44-MLA-125.63.50.58,stealth_fox
bcaf2652-1251-4aba-9042-2fb45f54a4cd,FB46-MLA-103.29.84.135,stealth_fox
6b44f24d-b856-42f7-b08b-00e959dd1796,FB95-MLA-111.67.19.177,stealth_fox
063cbb27-41be-40b5-b4a2-68c8588f4b21,FB81-MLA-103.29.84.161,stealth_fox
40897b16-a905-4a3e-b708-fa967c34994a,FB82-MLA-125.63.50.58,stealth_fox
3f64cd8e-b7e4-4b4b-9a5c-2b7e1b022f20,FB87-MLA-103.18.108.96,stealth_fox
6db989f7-3662-4b91-b128-5e144af1fa48,FB92-MLA-103.207.29.179,stealth_fox
